INCHI_KEY,UNIPROT_ID,COMPOUND_SMILES,PROTEIN_SEQUENCE,REG_LABEL,CLF_GE_6-5_LABEL,protein_1gram_tfidf_0,protein_1gram_tfidf_1,protein_1gram_tfidf_2,protein_1gram_tfidf_3,protein_1gram_tfidf_4,protein_1gram_tfidf_5,protein_1gram_tfidf_6,protein_1gram_tfidf_7,protein_1gram_tfidf_8,protein_1gram_tfidf_9,protein_1gram_tfidf_10,protein_1gram_tfidf_11,protein_1gram_tfidf_12,protein_1gram_tfidf_13,protein_1gram_tfidf_14,protein_1gram_tfidf_15,protein_1gram_tfidf_16,protein_1gram_tfidf_17,protein_1gram_tfidf_18,protein_1gram_tfidf_19,protein_1gram_tfidf_20,protein_1gram_tfidf_21,protein_1gram_tfidf_22,protein_w2v_0,protein_w2v_1,protein_w2v_2,protein_w2v_3,protein_w2v_4,protein_w2v_5,protein_w2v_6,protein_w2v_7,protein_w2v_8,protein_w2v_9,protein_w2v_10,protein_w2v_11,protein_w2v_12,protein_w2v_13,protein_w2v_14,protein_w2v_15,protein_w2v_16,protein_w2v_17,protein_w2v_18,protein_w2v_19,protein_w2v_20,protein_w2v_21,protein_w2v_22,protein_w2v_23,protein_w2v_24,protein_w2v_25,protein_w2v_26,protein_w2v_27,protein_w2v_28,protein_w2v_29,protein_w2v_30,protein_w2v_31,protein_w2v_32,protein_w2v_33,protein_w2v_34,protein_w2v_35,protein_w2v_36,protein_w2v_37,protein_w2v_38,protein_w2v_39,protein_w2v_40,protein_w2v_41,protein_w2v_42,protein_w2v_43,protein_w2v_44,protein_w2v_45,protein_w2v_46,protein_w2v_47,protein_w2v_48,protein_w2v_49,protein_w2v_50,protein_w2v_51,protein_w2v_52,protein_w2v_53,protein_w2v_54,protein_w2v_55,protein_w2v_56,protein_w2v_57,protein_w2v_58,protein_w2v_59,protein_w2v_60,protein_w2v_61,protein_w2v_62,protein_w2v_63,protein_w2v_64,protein_w2v_65,protein_w2v_66,protein_w2v_67,protein_w2v_68,protein_w2v_69,protein_w2v_70,protein_w2v_71,protein_w2v_72,protein_w2v_73,protein_w2v_74,protein_w2v_75,protein_w2v_76,protein_w2v_77,protein_w2v_78,protein_w2v_79,protein_w2v_80,protein_w2v_81,protein_w2v_82,protein_w2v_83,protein_w2v_84,protein_w2v_85,protein_w2v_86,protein_w2v_87,protein_w2v_88,protein_w2v_89,protein_w2v_90,protein_w2v_91,protein_w2v_92,protein_w2v_93,protein_w2v_94,protein_w2v_95,protein_w2v_96,protein_w2v_97,protein_w2v_98,protein_w2v_99,protein_w2v_100,protein_w2v_101,protein_w2v_102,protein_w2v_103,protein_w2v_104,protein_w2v_105,protein_w2v_106,protein_w2v_107,protein_w2v_108,protein_w2v_109,protein_w2v_110,protein_w2v_111,protein_w2v_112,protein_w2v_113,protein_w2v_114,protein_w2v_115,protein_w2v_116,protein_w2v_117,protein_w2v_118,protein_w2v_119,protein_w2v_120,protein_w2v_121,protein_w2v_122,protein_w2v_123,protein_w2v_124,protein_w2v_125,protein_w2v_126,protein_w2v_127
CDMGBJANTYXAIV-UHFFFAOYSA-N,O14976,Fc1ccc(cc1)c1nc([nH]c1c1ccncc1)c1ccc(cc1)[S+](C)[O-],MSLLQSALDFLAGPGSLGGASGRDQSDFVGQTVELGELRLRVRRVLAEGGFAFVYEAQDVGSGREYALKRLLSNEEEKNRAIIQEVCFMKKLSGHPNIVQFCSAASIGKEESDTGQAEFLLLTELCKGQLVEFLKKMESRGPLSCDTVLKIFYQTCRAVQHMHRQKPPIIHRDLKVENLLLSNQGTIKLCDFGSATTISHYPDYSWSAQRRALVEEEITRNTTPMYRTPEIIDLYSNFPIGEKQDIWALGCILYLLCFRQHPFEDGAKLRIVNGKYSIPPHDTQYTVFHSLIRAMLQVNPEERLSIAEVVHQLQEIAAARNVNPKSPITELLEQNGGYGSATLSRGPPPPVGPAGSGYSGGLALAEYDQPYGGFLDILRGGTERLFTNLKDTSSKVIQSVANYAKGDLDISYITSRIAVMSFPAEGVESALKNNIEDVRLFLDSKHPGHYAVYNLSPRTYRPSRFHNRVSECGWAARRAPHLHTLYNICRNMHAWLRQDHKNVCVVHCMDGRAASAVAVCSFLCFCRLFSTAEAAVYMFSMKRCPPGIWPSHKRYIEYMCDMVAEEPITPHSKPILVRAVVMTPVPLFSKQRSGCRPFCEVYVGDERVASTSQEYDKMRDFKIEDGKAVIPLGVTVQGDVLIVIYHARSTLGGRLQAKMASMKMFQIQFHTGFVPRNATTVKFAKYDLDACDIQEKYPDLFQVNLEVEVEPRDRPSREAPPWENSSMRGLNPKILFSSREEQQDILSKFGKPELPRQPGSTAQYDAGAGSPEAEPTDSDSPPSSSADASRFLHTLDWQEEKEAETGAENASSKESESALMEDRDESEVSDEGGSPISSEGQEPRADPEPPGLAAGLVQQDLVFEVETPAVLPEPVPQEDGVDLLGLHSEVGAGPAVPPQACKAPSSNTDLLSCLLGPPEAASQGPPEDLLSEDPLLLASPAPPLSVQSTPRGGPPAAADPFGPLLPSSGNNSQPCSNPDLFGEFLNSDSVTVPPSFPSAHSAPPPSCSADFLHLGDLPGEPSKMTASSSNPDLLGGWAAWTETAASAVAPTPATEGPLFSPGGQPAPCGSQASWTKSQNPDPFADLGDLSSGLQGSPAGFPPGGFIPKTATTPKGSSSWQTSRPPAQGASWPPQAKPPPKACTQPRPNYASNFSVIGAREERGVRAPSFAQKPKVSENDFEDLLSNQGFSSRSDKKGPKTIAEMRKQDLAKDTDPLKLKLLDWIEGKERNIRALLSTLHTVLWDGESRWTPVGMADLVAPEQVKKHYRRAVLAVHPDKAAGQPYEQHAKMIFMELNDAWSEFENQGSRPLF,6.92425,1,0.9999922332802834,0.0,0.07776406478308065,0.6542931168287476,0.6743206597924214,0.28725820991961504,0.7947117952241248,0.54526853529441,0.11166783419411333,0.3368229826539994,0.08217452027837335,0.0,0.0,0.9999955631482397,0.43064521404224565,0.2024789111519669,0.7607169206032949,0.0,0.0,0.1260450033681931,0.09011836243944117,0.0,0.12238131438225038,-37.5738843975123,31.1077147781034,81.30404610003461,-39.05104240644141,83.8575109205558,16.36551389793749,17.082245584893826,15.911731702261022,44.027554179978324,45.99056498504069,-30.24821111653,22.06880203358014,76.90315621520858,56.253903094970156,41.26033394194383,26.968796499451855,83.28308566876512,1.889082876732573,28.460958609823138,22.641128865978317,38.263988866790896,63.46392102781101,-57.15688267996302,-180.1072608971299,-31.98121338756755,26.116702007784625,-10.279180104029365,83.37164459482301,21.477468010620214,121.12344315613154,-168.32866062200628,9.526978098670952,-38.97605611209292,17.69070153069333,33.705965677276254,0.015036075625175727,58.451958343037404,7.9597104846761795,-103.60200618563613,142.95269451438799,-30.66222552295949,-94.30829231882308,71.5194755668781,-62.28443137573595,-33.16725174061139,33.92184518925933,32.79423822154058,62.843328347335046,16.53771353076445,29.097112573261256,-60.134340857272036,65.41764218679236,33.46117572327785,-67.0379403133702,44.66606404056074,4.647347492427798,8.344314187284908,-118.33824268150784,49.14162638576818,-47.50048119798521,54.63449685645173,0.5256096386001445,-98.27365222139633,69.35629978618817,21.45271314963611,72.19468384406355,56.96245998839731,72.7488900119788,20.036883748165565,-56.40301826954237,87.89702843496343,-28.751488133100793,-33.11289911285712,48.898382287385175,35.88116025033196,2.659338932367973,-47.26653723874824,83.62271608618903,29.30695560843742,-125.65014928835444,75.32482485030778,59.63623426332197,-10.736780131606793,39.43387914891355,-12.316177349493955,-163.28867733624065,43.12271177317598,-112.45988127606688,-25.376223732768267,48.761638345895335,-10.679109660311951,74.5809872878599,-12.865625363236177,118.25127634525415,81.97987505514902,45.90108333392709,62.580593567108735,98.4170275311335,32.45030011900235,-70.04644157764778,-126.17543761397246,68.56187368484734,-142.1375868298128,128.16036892982083,-16.217438103165478,-75.91221672159736,111.3294973437296,-68.6490288505538,-113.19165436452022,-36.69054015743495,78.03547621329199,38.70955812268949,-37.299838102586364,137.16550980310421,26.651165379502345,-18.23032075930496,58.96708076205687,-63.00929618920782,1.4202683042094577,-184.00878200965235,126.51051421867305,67.69936277453235,-54.60305066261208,-89.37319726365604,-10.13043941585056,17.223350555861543,-48.77198304598278,64.86839179592789
CDMGBJANTYXAIV-UHFFFAOYSA-N,O70528,Fc1ccc(cc1)c1nc([nH]c1c1ccncc1)c1ccc(cc1)[S+](C)[O-],MDKLDANVSSKEGFGSVEKVVLLTFLSAVILMAILGNLLVMVAVCRDRQLRKIKTNYFIVSLAFADLLVSVLVMPFGAIELVQDIWVYGEMFCLVRTSLDVLLTTASIFHLCCISLDRYYAICCQPLVYRNKMTPLRIALMLGGCWVIPMFISFLPIMQGWNNIGIVDLIEKRKFNQNSNSTYCVFMVNKPYAITCSVVAFYIPFLLMVLAYYRIYVTAKEHARQIQVLQRAGAPAEGRPQPADQHSTHRMRTETKAAKTLCIIMGCFCLCWAPFFVTNIVDPFIDYTVPGQLWTAFLWLGYINSGLNPFLYAFLNKSFRRAFLIILCCDDERYRRPSILGQTVPCSTTTINGSTHVLRDTVECGGQWESQCHPAASSPLVAAQPIDT,4.9766,0,0.6722327821841456,0.0,0.8667008951581848,0.37694655127922566,0.0,0.9999906115535349,0.23751225532518874,0.35152542988813723,0.9999948321371752,0.0,0.8782641975242028,0.9999834534914507,0.33595899320626166,0.27933133239382313,0.29002603192652904,0.20400535841518147,0.11377230231845029,0.5504077285733652,0.0,0.999992968795971,0.4456814943455821,0.0,0.7073169412480472,-3.1994640150805935,11.304348705743905,11.213223077880684,-13.118951890064636,33.751656403415836,11.669742036785465,5.157774989667814,13.420115196800907,12.202575491945026,9.747475866402965,0.17884791549295187,8.279691884992644,17.662939218746033,16.415397793520242,15.194792416878045,19.057917968777474,25.348682829004247,4.4057827306533,10.332133807984064,2.458750505800708,11.3083455862361,21.643651560530998,-32.88520472194068,-41.360269418684766,-3.8613013855647296,24.948445424903184,7.871652447793167,23.334864633798134,7.3002942270977655,13.964273429366585,-37.25874703505542,10.94909295195248,-12.717165159003343,1.7905352842062712,18.762803173071006,0.24054623069241643,17.959947113180533,10.958202814346805,-31.632453907688614,46.036805541370995,6.079009073662746,-17.57811164332088,13.402388464121032,-17.88600551604759,-5.728978330735117,12.327117191452999,8.731279374449514,28.012577381334268,-6.191074908216251,2.6110291601507924,-30.2769309754367,25.633609025971964,14.033994280383922,-8.71782569703646,-5.710464719159063,-6.221043808851391,-15.432733904613997,-66.82544445095118,17.66706477967091,-32.387681242544204,23.060071675587096,-14.835327612468973,-13.930295906495303,12.038688561646268,-6.543428827542812,23.974085192894563,33.1935059121588,10.042778448201716,-13.544844159507193,-21.21088545659768,29.99021614686353,-20.251088717763196,-13.86889932260965,7.782891385955736,14.246477635926567,-10.098679544345941,-13.461424280772917,23.919098911836045,2.0172600934747607,-35.63344087204314,15.55154868552927,8.709841054747812,-4.513242864173662,19.162606718484312,3.3036754322238266,-76.34318833006546,3.4508390782866627,-26.204840171150863,-5.150349929579534,31.057696459494764,7.806822399652447,21.947539566026535,-0.4681217350298539,17.718279502714722,14.098250543349423,8.80910851736553,24.65608338767197,24.85719376045745,22.694722155079944,-23.74352078542597,-38.669605801813304,-10.059460830525495,-42.31184744088387,37.800866307574324,13.938450113870203,-19.193696482805535,36.24326274328632,-9.773977313432624,-32.458879939018516,-20.496484427392716,22.727250971482135,23.564853104631766,-14.035435967030935,47.96930833597435,0.3786605004570447,1.5301374539267272,15.261270362098003,-9.308850252593402,5.305019139952492,-46.957934879956156,49.75080371327931,17.291173549339874,-8.55699636755162,-23.221511480747722,11.377010642783716,12.569999000232201,-29.537823522288818,26.782064298400655
CDMGBJANTYXAIV-UHFFFAOYSA-N,O76074,Fc1ccc(cc1)c1nc([nH]c1c1ccncc1)c1ccc(cc1)[S+](C)[O-],MERAGPSFGQQRQQQQPQQQKQQQRDQDSVEAWLDDHWDFTFSYFVRKATREMVNAWFAERVHTIPVCKEGIRGHTESCSCPLQQSPRADNSAPGTPTRKISASEFDRPLRPIVVKDSEGTVSFLSDSEKKEQMPLTPPRFDHDEGDQCSRLLELVKDISSHLDVTALCHKIFLHIHGLISADRYSLFLVCEDSSNDKFLISRLFDVAEGSTLEEVSNNCIRLEWNKGIVGHVAALGEPLNIKDAYEDPRFNAEVDQITGYKTQSILCMPIKNHREEVVGVAQAINKKSGNGGTFTEKDEKDFAAYLAFCGIVLHNAQLYETSLLENKRNQVLLDLASLIFEEQQSLEVILKKIAATIISFMQVQKCTIFIVDEDCSDSFSSVFHMECEELEKSSDTLTREHDANKINYMYAQYVKNTMEPLNIPDVSKDKRFPWTTENTGNVNQQCIRSLLCTPIKNGKKNKVIGVCQLVNKMEENTGKVKPFNRNDEQFLEAFVIFCGLGIQNTQMYEAVERAMAKQMVTLEVLSYHASAAEEETRELQSLAAAVVPSAQTLKITDFSFSDFELSDLETALCTIRMFTDLNLVQNFQMKHEVLCRWILSVKKNYRKNVAYHNWRHAFNTAQCMFAALKAGKIQNKLTDLEILALLIAALSHDLDHRGVNNSYIQRSEHPLAQLYCHSIMEHHHFDQCLMILNSPGNQILSGLSIEEYKTTLKIIKQAILATDLALYIKRRGEFFELIRKNQFNLEDPHQKELFLAMLMTACDLSAITKPWPIQQRIAELVATEFFDQGDRERKELNIEPTDLMNREKKNKIPSMQVGFIDAICLQLYEALTHVSEDCFPLLDGCRKNRQKWQALAEQQEKMLINGESGQAKRN,4.9402,0,0.5379233471688969,0.0,0.35494253558586025,0.7645427002227186,0.8977013768794035,0.6875318109109347,0.0,0.8081316734946408,0.710535173666012,0.9999926829765594,0.4902287834400761,0.45542628467746055,0.9338788671100943,0.0,0.9999935915367159,0.0,0.26455434013599155,0.2607338239430444,0.0,0.08762492654484326,0.0,0.0,0.0,-7.977806746346687,46.29636484014918,67.24783233687049,-50.257741671739495,77.08705599184032,13.542189581639832,-28.41509900423989,15.214817806263454,32.26401038526092,17.853822808508994,-4.612587515759515,31.617645085556433,18.99839450341824,35.537953727762215,18.71846808854025,25.55811273121799,40.45154243462457,22.423047713302367,20.29294779978227,3.773531249498774,22.744075898139272,23.641283132892568,-84.68369531790813,-126.92114112578565,-40.60562380460033,54.11039140279172,6.9333644182479475,53.71688031509984,21.278117275971454,65.43020992992388,-123.81038583273767,-19.210776399850147,-31.155329879722558,-13.652240554634773,19.804390626508393,21.316638917138334,49.60847034334438,12.758345504073077,-40.42465832605376,89.10062222222768,-12.672074986985535,-56.80821966705844,60.739164314145455,-63.60897698435292,-7.719943058677018,28.562885249149986,14.262952289544046,25.01735660151462,21.68381551893981,22.801773814629996,-13.572848487779993,48.261086746890214,17.07203301912523,-31.207331410521874,10.129858701082412,-33.45986780656676,0.86011488668737,-84.57868047617376,19.933899365816615,-39.45463160166037,12.218431836445234,-12.10723794013029,-68.22512918054417,23.875290732918074,36.282299409329426,65.48404522845522,37.571146345930174,36.04872476204764,22.302621890208684,-31.70774371176958,51.71637805609498,-4.529570581988082,-25.55985846114345,32.714428052902804,28.6495429268889,-1.0274995371582918,-35.24894170494372,39.81117504381109,45.44859468915092,-73.84995574643835,40.278817094964324,10.518808363121934,-15.165623882494401,61.28885478308712,3.2347077621961944,-119.78761838072387,12.044493990866613,-74.74005473207217,-16.875422413140768,27.169076566846343,-15.734829494380392,28.379514384752838,-10.922825931716943,77.75725928455722,58.66824619687395,37.03977231987665,45.2399155034218,91.59330796045833,37.91560866351938,-35.479972633416764,-68.78383560781367,33.009749351512255,-71.74876424492686,77.40965521114413,32.75632147700526,-47.92590064913384,64.13012019413873,-29.83111104031559,-66.99063551010477,-24.09741767842206,42.06410004355712,69.19312248166534,-6.244745651012636,69.16989088969422,8.44096524748602,-2.654079508210998,7.391310114937369,-37.73870232558693,11.907918402546784,-134.39453125972068,109.2770714260405,50.70297411538195,-54.05920080414944,-44.574960241589,8.044495191483293,40.01392470035353,-16.37064370833832,39.09542720025638
CDMGBJANTYXAIV-UHFFFAOYSA-N,P00533,Fc1ccc(cc1)c1nc([nH]c1c1ccncc1)c1ccc(cc1)[S+](C)[O-],MRPSGTAGAALLALLAALCPASRALEEKKVCQGTSNKLTQLGTFEDHFLSLQRMFNNCEVVLGNLEITYVQRNYDLSFLKTIQEVAGYVLIALNTVERIPLENLQIIRGNMYYENSYALAVLSNYDANKTGLKELPMRNLQEILHGAVRFSNNPALCNVESIQWRDIVSSDFLSNMSMDFQNHLGSCQKCDPSCPNGSCWGAGEENCQKLTKIICAQQCSGRCRGKSPSDCCHNQCAAGCTGPRESDCLVCRKFRDEATCKDTCPPLMLYNPTTYQMDVNPEGKYSFGATCVKKCPRNYVVTDHGSCVRACGADSYEMEEDGVRKCKKCEGPCRKVCNGIGIGEFKDSLSINATNIKHFKNCTSISGDLHILPVAFRGDSFTHTPPLDPQELDILKTVKEITGFLLIQAWPENRTDLHAFENLEIIRGRTKQHGQFSLAVVSLNITSLGLRSLKEISDGDVIISGNKNLCYANTINWKKLFGTSGQKTKIISNRGENSCKATGQVCHALCSPEGCWGPEPRDCVSCRNVSRGRECVDKCNLLEGEPREFVENSECIQCHPECLPQAMNITCTGRGPDNCIQCAHYIDGPHCVKTCPAGVMGENNTLVWKYADAGHVCHLCHPNCTYGCTGPGLEGCPTNGPKIPSIATGMVGALLLLLVVALGIGLFMRRRHIVRKRTLRRLLQERELVEPLTPSGEAPNQALLRILKETEFKKIKVLGSGAFGTVYKGLWIPEGEKVKIPVAIKELREATSPKANKEILDEAYVMASVDNPHVCRLLGICLTSTVQLITQLMPFGCLLDYVREHKDNIGSQYLLNWCVQIAKGMNYLEDRRLVHRDLAARNVLVKTPQHVKITDFGLAKLLGAEEKEYHAEGGKVPIKWMALESILHRIYTHQSDVWSYGVTVWELMTFGSKPYDGIPASEISSILEKGERLPQPPICTIDVYMIMVKCWMIDADSRPKFRELIIEFSKMARDPQRYLVIQGDERMHLPSPTDSNFYRALMDEEDMDDVVDADEYLIPQQGFFSSPSTSRTPLLSSLSATSNNSTVACIDRNGLQSCPIKEDSFLQRYSSDPTGALTEDSIDDTFLPVPEYINQSVPKRPAGSVQNPVYHNQPLNPAPSRDPHYQDPHSTAVGNPEYLNTVQPTCVNSTFDSPAHWAQKGSHQISLDNPDYQQDFFPKEAKPNGIFKGSTAENAEYLRVAPQSSEFIGA,4.0177,0,0.24230972650092172,0.0,0.9999929978030182,0.660421295996991,0.6191365762091787,0.0,0.8071289032036862,0.6915884995177795,0.6060600510721336,0.6724103040309227,0.31638689999716224,0.17278935329889863,0.9999906252497274,0.5453342404447105,0.3669819292141347,0.17480497712060114,0.38902435190940127,0.40139300914580056,0.0,0.26736958076464307,0.03724950105283739,0.0,0.3869109488879849,-24.674105510348454,42.88117462192895,95.33374514532625,-46.33207128541835,95.86977900530474,42.80842530262453,-2.926835839956766,19.637128806352848,49.82394298361032,51.734121908579255,-1.097355115431128,51.175365067552775,55.26228584354976,49.49438195878247,28.182590513839386,47.55187842759187,58.372445715693175,9.701118049833894,19.142515465864562,4.6494518243998755,40.94546179723693,44.02813938786858,-55.72798524245445,-146.6042976910685,-7.3093605137910345,40.74749876311034,13.461068493790663,93.67314584394626,10.524076298781438,92.071828160726,-151.10255446861265,-9.918423512834124,-24.17876385615091,-5.967655892367475,21.296184603143047,-3.240809815528337,66.96309495046444,7.080389545437356,-80.3268217210134,120.73834187822649,-38.010615918567055,-80.56361257381286,77.53635397604376,-52.42005423307819,-2.189754700004414,32.22346786077833,8.04214926646091,51.910498126613675,10.849163178325398,15.599843282601796,-55.38871983127319,78.17197701358236,18.007057069407892,-35.06107747464557,19.926447006393573,-29.06711470297887,3.5209849794919137,-130.14152272202773,49.078347289701924,-57.257451892481185,51.30245740729151,-4.1429340544273145,-73.42467840446625,54.75697065606073,13.529025005067524,89.5611075196357,75.30227979384472,41.752510193851776,-16.366369049283094,-34.47965567062056,82.19079369826068,-8.383279308123747,-32.419391899209586,43.37785193338641,31.059215992572717,-4.085365117760375,-58.754775736472766,65.77121321365121,55.085877353507385,-99.74073460799991,64.64669514218258,45.64659535459941,-15.491494645277271,67.0811410685128,8.654373155932262,-176.9230834677437,30.11070198147354,-72.16415420733392,-6.579896008432115,55.44799656487885,-8.499514082577662,68.96229296753881,-21.02321213495452,120.2921272434105,88.04641128933872,66.44632744259434,70.68198064325406,82.0624564042082,43.217219756304985,-76.20904071242694,-99.34215667939861,44.452534834781545,-112.7106790234393,122.39771464016667,5.691489845830802,-84.03102612390649,71.37482555219322,-66.50548126717331,-93.06558546461747,-42.39094298576674,59.17380038581905,35.4703605347313,-35.125848684889206,139.70055461779702,32.29828353533958,-12.877509970508981,47.06894120978541,-48.88152956945123,11.547878080353257,-159.9987052437791,163.33551736532172,45.88304209878697,-56.56763556352962,-86.89012426583213,6.558140044129686,12.780527762912243,-21.95006482442841,66.73447726649465
CDMGBJANTYXAIV-UHFFFAOYSA-N,P04049,Fc1ccc(cc1)c1nc([nH]c1c1ccncc1)c1ccc(cc1)[S+](C)[O-],MEHIQGAWKTISNGFGFKDAVFDGSSCISPTIVQQFGYQRRASDDGKLTDPSKTSNTIRVFLPNKQRTVVNVRNGMSLHDCLMKALKVRGLQPECCAVFRLLHEHKGKKARLDWNTDAASLIGEELQVDFLDHVPLTTHNFARKTFLKLAFCDICQKFLLNGFRCQTCGYKFHEHCSTKVPTMCVDWSNIRQLLLFPNSTIGDSGVPALPSLTMRRMRESVSRMPVSSQHRYSTPHAFTFNTSSPSSEGSLSQRQRSTSTPNVHMVSTTLPVDSRMIEDAIRSHSESASPSALSSSPNNLSPTGWSQPKTPVPAQRERAPVSGTQEKNKIRPRGQRDSSYYWEIEASEVMLSTRIGSGSFGTVYKGKWHGDVAVKILKVVDPTPEQFQAFRNEVAVLRKTRHVNILLFMGYMTKDNLAIVTQWCEGSSLYKHLHVQETKFQMFQLIDIARQTAQGMDYLHAKNIIHRDMKSNNIFLHEGLTVKIGDFGLATVKSRWSGSQQVEQPTGSVLWMAPEVIRMQDNNPFSFQSDVYSYGIVLYELMTGELPYSHINNRDQIIFMVGRGYASPDLSKLYKNCPKAMKRLVADCVKKVKEERPLFPQILSSIELLQHSLPKINRSASEPSLHRAAHTEDINACTLTTSPRLPVF,6.45665,0,0.0,0.0,0.15399872676382342,0.5268922397293613,0.2885337790550156,0.5755545127913191,0.3866633897410241,0.9999923428181259,0.4322138892237831,0.783376550660699,0.0,0.8618488246452909,0.5413504120676872,0.41759120112864606,0.6355105307814793,0.7605001406482857,0.9999953776084779,0.7076769431267609,0.0,0.5015719469014833,0.21898582922682205,0.0,0.11050975989876732,-2.5772317623486742,23.16921920963796,49.67747563670855,-14.416613797424361,44.59586246799881,10.752513044681109,-18.02070612827083,4.693095866023214,22.48804283379104,24.706083915545605,-16.678195126034552,30.41307713626884,37.35936746558582,32.15124642333831,16.676623854407808,24.239147839005454,25.41217986983429,3.534051594819175,19.139171560294926,5.971291368681705,28.099666696594795,23.946640097128693,-43.91131195076014,-100.57471396721667,-11.481859207327943,18.494654370620992,7.712033240270102,28.68360583949834,-0.7958412248408422,51.17334913476952,-95.09824714768911,-4.916064600740356,-27.52514629162033,-1.735915874800412,12.218075212091208,1.5661687841638923,34.238550584355835,6.732869871906587,-44.97092318323848,69.31963671755511,-20.23500047525158,-45.032982608594466,41.99781602957228,-38.93070765535049,3.136574507749174,12.54880898569536,7.994997117319144,36.17854872411408,12.474500257387263,7.171530628169421,-29.5430664656742,36.08409855121863,18.850702016148716,-21.084848552709445,9.634839808393735,-11.6306674486259,17.977917887212243,-72.11230894080654,16.394976742740255,-14.727046627867821,21.156046480929945,-13.279344324662816,-41.21018678465771,19.720353092707228,16.237048997776583,46.92379789534607,37.98308048280887,27.886939756630454,0.9289929885726451,-30.524331965018064,47.438300325593445,-15.186260689763003,-21.195624325977406,26.95329553427291,8.736060676747002,-13.091636500495952,-25.698592120810645,20.451831641315948,17.707790829132136,-51.17705542489966,43.99820764432661,26.970198007766157,-7.220980955615232,28.190190911765058,-1.5580674321317929,-91.41351361862326,19.20206713397056,-56.39212919952115,9.353086593211628,29.675953729311004,-9.446879537892528,33.051619793404825,-0.6159220157715026,49.479273716919124,44.230610360740684,37.81172004884138,34.74323619043571,45.99124082183698,16.295199215848697,-40.00326092188334,-59.68481443915516,15.016842530566464,-63.02129450830398,69.18834519886877,2.3055347618064843,-26.65222054850892,41.277883847244084,-33.8983254765335,-40.25437823916582,-27.81304244903731,28.550352626101812,20.84080726088723,-16.02910248126136,52.654433823830914,11.8693783358176,-14.746313541283598,27.723637696995866,-15.839989109328599,11.744121789874043,-83.80078021790541,69.698735454509,31.61553873468074,-30.668185805014218,-48.722454968839884,3.173426785509946,21.36614219951298,-15.847663005144568,36.37061197729781
CDMGBJANTYXAIV-UHFFFAOYSA-N,P06239,Fc1ccc(cc1)c1nc([nH]c1c1ccncc1)c1ccc(cc1)[S+](C)[O-],MGCGCSSHPEDDWMENIDVCENCHYPIVPLDGKGTLLIRNGSEVRDPLVTYEGSNPPASPLQDNLVIALHSYEPSHDGDLGFEKGEQLRILEQSGEWWKAQSLTTGQEGFIPFNFVAKANSLEPEPWFFKNLSRKDAERQLLAPGNTHGSFLIRESESTAGSFSLSVRDFDQNQGEVVKHYKIRNLDNGGFYISPRITFPGLHELVRHYTNASDGLCTRLSRPCQTQKPQKPWWEDEWEVPRETLKLVERLGAGQFGEVWMGYYNGHTKVAVKSLKQGSMSPDAFLAEANLMKQLQHQRLVRLYAVVTQEPIYIITEYMENGSLVDFLKTPSGIKLTINKLLDMAAQIAEGMAFIEERNYIHRDLRAANILVSDTLSCKIADFGLARLIEDNEYTAREGAKFPIKWTAPEAINYGTFTIKSDVWSFGILLTEIVTHGRIPYPGMTNPEVIQNLERGYRMVRPDNCPEELYQLMRLCWKERPEDRPTFDYLRSVLEDFFTATEGQYQPQP,5.4622,0,0.08322831402129531,0.0,0.03749486532071099,0.6668957768631616,0.9999958930161525,0.5171601598324238,0.8552820728619611,0.6202475290628784,0.5537737094410756,0.37536769526268576,0.4496602922174775,0.22756074522269748,0.696211408005642,0.5531899894251879,0.4838370141349934,0.5254674901536914,0.17800098744160767,0.3940328458959686,0.0,0.0,0.6790499059884164,0.0,0.684060986990228,-10.96776305604726,12.055032857810147,41.28562471321493,-23.608292439603247,43.86051696477807,12.630987216136418,-2.2137618992564967,0.6965538653894328,20.706094024819322,19.539196766825626,-12.535971361299744,28.36385493099806,31.661729717598064,29.98370102550325,16.389282590156654,25.919806658326706,22.612886877614073,-2.110269699442142,7.476728285604622,1.4731757623376325,9.194649731602112,30.5454067736282,-18.497774507210124,-66.61976924352348,-1.0029068121220917,30.166594561276725,13.25715853102156,33.38006640855747,6.334311355254613,40.01700610588887,-77.72236813430209,10.525206784717739,-20.629783045791555,7.0000713961781,11.067667788127437,1.7866091775940731,21.78028221760178,1.3208358625415713,-32.437859710422345,52.16999259486329,-12.47527023908333,-40.592663877949235,33.50961871209438,-14.98883123593987,-4.365554769872688,15.317538720584707,10.331593714130577,27.142744140001014,1.2365240076323971,10.417099228179723,-15.320528994547203,30.698766027169768,7.325775270204758,-18.16894952597795,-0.030441808645264246,-3.7812248619738966,7.408696167913149,-43.48099665951486,8.38886975486821,-25.688936794293113,21.321934626670554,-15.790606055757962,-36.82360484148376,25.783827942272183,16.638760990841547,42.74564502836438,27.743687575224612,24.499861483753193,-9.282933425274678,-27.830344798036094,42.318880665021425,3.7195918694196735,-16.763266778820253,20.544031477184035,5.838924589450471,-10.397093335108366,-9.247572594758822,27.076955226133578,2.2672119378112257,-32.070872530457564,24.656773601775058,10.674580414022785,-0.6803484181000385,20.180446457240578,4.005889069871046,-67.27928429737221,9.176147908619896,-41.44621029030532,-6.9955289504359826,13.014161410043016,-9.028948241277249,17.813037191983312,8.547223733679857,48.804054332664236,42.28740735840256,21.85076015230152,30.413979548724456,43.718729560496286,19.00187596361502,-29.33060322100664,-43.348258432000875,28.34697111105197,-60.38936540024588,49.5532411923632,12.048053998616524,-25.290614552228362,37.03526759147644,-18.283599181566387,-34.063694139331346,-17.753174137804308,15.816818074905314,32.46385980237392,-6.290470038773492,49.59266264925827,4.011435878128395,-4.727009725931566,11.066631798108574,-18.976906041207258,1.1058911026048008,-67.38316125964047,66.5838095296931,23.023104420870368,-25.00985459425283,-34.50662988152908,2.4432662895706017,9.529890195000917,-12.997805696330033,14.952828211105953
CDMGBJANTYXAIV-UHFFFAOYSA-N,P09917,Fc1ccc(cc1)c1nc([nH]c1c1ccncc1)c1ccc(cc1)[S+](C)[O-],MPSYTVTVATGSQWFAGTDDYIYLSLVGSAGCSEKHLLDKPFYNDFERGAVDSYDVTVDEELGEIQLVRIEKRKYWLNDDWYLKYITLKTPHGDYIEFPCYRWITGDVEVVLRDGRAKLARDDQIHILKQHRRKELETRQKQYRWMEWNPGFPLSIDAKCHKDLPRDIQFDSEKGVDFVLNYSKAMENLFINRFMHMFQSSWNDFADFEKIFVKISNTISERVMNHWQEDLMFGYQFLNGCNPVLIRRCTELPEKLPVTTEMVECSLERQLSLEQEVQQGNIFIVDFELLDGIDANKTDPCTLQFLAAPICLLYKNLANKIVPIAIQLNQIPGDENPIFLPSDAKYDWLLAKIWVRSSDFHVHQTITHLLRTHLVSEVFGIAMYRQLPAVHPIFKLLVAHVRFTIAINTKAREQLICECGLFDKANATGGGGHVQMVQRAMKDLTYASLCFPEAIKARGMESKEDIPYYFYRDDGLLVWEAIRTFTAEVVDIYYEGDQVVEEDPELQDFVNDVYVYGMRGRKSSGFPKSVKSREQLSEYLTVVIFTASAQHAAVNFGQYDWCSWIPNAPPTMRAPPPTAKGVVTIEQIVDTLPDRGRSCWHLGAVWALSQFQENELFLGMYPEEHFIEKPVKEAMARFRKNLEAIVSVIAERNKKKQLPYYYLSPDRIPNSVAI,7.0969,1,0.39604317134721856,0.0,0.09364716655608007,0.9999947010441106,0.7577731604522264,0.8860723506401271,0.2788693210445439,0.6843990209839634,0.7942534961215512,0.7405472404675312,0.19110278971790368,0.3972047374493247,0.3836881126090949,0.3375280474173742,0.5228802032829679,0.38582153279442116,0.0,0.15067330049624228,0.0,0.7185652677182979,0.7363663892421195,0.0,0.9999902810364604,-7.960790692653973,33.39001510333037,52.78902690270479,-31.843394019815605,55.65806233958574,25.666030972840304,-0.06714958780503366,-4.407773862476461,23.84075940605362,0.7735528772027465,-0.45278392542786605,34.865863952902146,27.059340301682823,31.480137437189114,14.232367385986436,5.726324802250019,25.47752926888643,1.5821310839382932,13.715632334569818,-10.98767797241453,26.05546513639274,30.311055869213305,-32.28150630649179,-91.66871020267718,-14.913984521204839,31.36969229686656,8.691409359162208,28.427134339872282,3.869942845456535,51.433841324876994,-85.47845300432527,9.82194479892496,-21.632935378234833,-3.2444709549308755,14.900342715671286,-10.346728573087603,42.456067620791146,10.442339913275646,-30.303472231153137,78.82259566709399,-7.267002627559123,-42.89831895098905,39.19155918934848,-41.61139028519392,-3.315956612015725,28.834218911477365,-3.7913746146368794,37.46443565985828,5.962634464696748,-5.094900137759396,-32.590778142825,42.371506533701904,17.924717798130587,-13.999724202498328,8.783367079915479,-3.2265517186606303,13.00967911441694,-54.22082186452462,8.129305306414608,-35.29331609647488,21.314261449384503,-3.373522077628877,-46.72340066522884,28.497081757406704,26.625487257144414,58.442063648079056,46.81197428377345,32.9496925261692,4.05436122649553,-45.03043915890157,37.17631914903177,-1.3331038935284596,-23.46476067812182,18.3437790011958,19.992458903463557,0.08475389087107033,-19.258326991592185,35.55319316103123,36.75879814691143,-57.68707423257001,32.41437233315082,34.29985173617024,2.976021861686604,32.510154180883546,12.290891497963457,-104.07963625153934,21.389803960839345,-56.811545301156,-7.997425207926426,14.104632561298786,-4.789281726203626,24.742566263012122,0.34049182885792106,66.33628608635627,45.14493284422497,26.63633012054197,46.080235344867106,58.81281008705264,30.58174263147521,-26.21957701676729,-63.73282675945666,36.81459440331673,-68.01299562258646,67.3101498047763,34.00990147155244,-35.09211536325165,36.78403719246853,-32.16546157194534,-42.42014430099516,-18.74319058421679,39.28895155539067,39.03026859801321,-13.231903174775653,67.1914310498978,17.556636504712515,-3.5980309044825844,14.053895773831755,-18.164632584208448,12.442157753306674,-84.21607439219952,85.6378347461141,22.98426240007393,-28.85906576607522,-34.04845154861687,12.619360211654566,13.205746354986331,-14.471276197466068,35.73248675081413
CDMGBJANTYXAIV-UHFFFAOYSA-N,P11229,Fc1ccc(cc1)c1nc([nH]c1c1ccncc1)c1ccc(cc1)[S+](C)[O-],MNTSAPPAVSPNITVLAPGKGPWQVAFIGITTGLLSLATVTGNLLVLISFKVNTELKTVNNYFLLSLACADLIIGTFSMNLYTTYLLMGHWALGTLACDLWLALDYVASNASVMNLLLISFDRYFSVTRPLSYRAKRTPRRAALMIGLAWLVSFVLWAPAILFWQYLVGERTVLAGQCYIQFLSQPIITFGTAMAAFYLPVTVMCTLYWRIYRETENRARELAALQGSETPGKGGGSSSSSERSQPGAEGSPETPPGRCCRCCRAPRLLQAYSWKEEEEEDEGSMESLTSSEGEEPGSEVVIKMPMVDPEAQAPTKQPPRSSPNTVKRPTKKGRDRAGKGQKPRGKEQLAKRKTFSLVKEKKAARTLSAILLAFILTWTPYNIMVLVSTFCKDCVPETLWELGYWLCYVNSTINPMCYALCNKAFRDTFRLLLLCRWDKRRWRKIPKRPGSVHRTPSRQC,4.972,0,0.8546436310913373,0.0,0.4394820986541524,0.0,0.41156379626591905,0.12744729819993217,0.5436793578973786,0.0,0.2203521926295501,0.5174486335283262,0.9999916622127979,0.4555366425635607,0.07324809739400576,0.5813787193422068,0.0,0.9999879805314634,0.4422156160204224,0.9999925698379047,0.0,0.14282492067164604,0.9999861283936208,0.0,0.5188145688664316,-5.736218203383032,3.3363453643396497,19.570607548346743,-9.632044083729852,38.37641369825724,10.065206803265028,14.980916841886938,12.114146873471327,25.79496148985345,29.43175269011408,-5.1711162705905735,10.988298392796423,27.447745372424833,22.23538177285809,16.33699430737761,24.498608020898246,28.821268562576734,6.367554828299035,9.890936174197122,-5.670698289410211,4.190150321519468,13.028810296440497,-39.78823579613527,-54.09532399350428,-3.5435386406315956,24.018315730179893,3.5529199948650785,30.957054302678443,6.286917356075719,25.16504064950277,-51.49717474641511,5.5676160622388124,-10.267723851589835,13.043539784033783,18.854410314612323,-4.907327326480299,15.286964886297937,6.531913444050588,-37.3096794039011,51.21954992465908,-1.9094542620005086,-31.276066968537634,30.849325677831075,-27.2881745211198,-9.990584517385287,20.473059068259317,17.21845689532347,22.522651404578937,24.706999241374433,13.128645399694506,-22.88796062138863,33.58296027628239,4.702305840852205,-31.612399793229997,11.423882411501836,0.003956940025091171,3.73860919685103,-47.59952457272448,17.688045485294424,-33.57658143879962,32.070150034618564,-8.73697246782558,-40.18771429939079,19.93849226878956,11.06007919285912,14.7946329091792,19.599125509383157,16.52294443169376,10.132849821238779,-29.73538573046062,30.29904293103027,-18.21930694114417,-16.002671100315638,15.592402242706157,25.52946152165532,-1.9650963742751628,-22.595738275937038,21.781440197431948,10.02271973947063,-59.47059039271517,31.44873874190671,22.86108945281012,9.475647195416968,18.0996422215685,8.55858456248825,-60.64099166504457,-2.3869087009807117,-28.734438114464865,-2.246037349686958,25.581594191258773,-1.3254662783583626,39.11827185834409,-2.7670079938834533,35.47712804186085,17.308056064037373,18.803872527030762,21.032519098953344,32.80930452106986,8.933596954884706,-24.830481635406613,-43.36043018713826,-2.141615381638985,-42.98211221117526,51.092279464617604,-10.42390571825672,-24.697681502788328,32.361083590541966,-19.94733843691938,-33.71704372527893,-11.73387270414969,24.066484957002103,21.316945889266208,-2.0133091850439087,51.68796011674567,1.457935672660824,-10.874975473037921,15.851781826291699,-14.818729802500457,-0.10214662144426256,-62.62331174768042,52.6682024327456,25.695556480670348,-21.707091940159444,-33.33778610438458,0.6792464747341,15.256571756035555,-25.99279190978268,45.171609056706075
CDMGBJANTYXAIV-UHFFFAOYSA-N,P12931,Fc1ccc(cc1)c1nc([nH]c1c1ccncc1)c1ccc(cc1)[S+](C)[O-],MGSNKSKPKDASQRRRSLEPAENVHGAGGGAFPASQTPSKPASADGHRGPSAAFAPAAAEPKLFGGFNSSDTVTSPQRAGPLAGGVTTFVALYDYESRTETDLSFKKGERLQIVNNTEGDWWLAHSLSTGQTGYIPSNYVAPSDSIQAEEWYFGKITRRESERLLLNAENPRGTFLVRESETTKGAYCLSVSDFDNAKGLNVKHYKIRKLDSGGFYITSRTQFNSLQQLVAYYSKHADGLCHRLTTVCPTSKPQTQGLAKDAWEIPRESLRLEVKLGQGCFGEVWMGTWNGTTRVAIKTLKPGTMSPEAFLQEAQVMKKLRHEKLVQLYAVVSEEPIYIVTEYMSKGSLLDFLKGETGKYLRLPQLVDMAAQIASGMAYVERMNYVHRDLRAANILVGENLVCKVADFGLARLIEDNEYTARQGAKFPIKWTAPEAALYGRFTIKSDVWSFGILLTELTTKGRVPYPGMVNREVLDQVERGYRMPCPPECPESLHDLMCQCWRKEPEERPTFEYLQAFLEDYFTSTEPQYQPGENL,5.301,0,0.8984469526381909,0.0,0.0,0.3861919077120504,0.8329637872931084,0.32598057104037437,0.9999939694442627,0.39186292226342373,0.0,0.7218330708107283,0.21289127773814379,0.12195738962041662,0.13904443535882482,0.4707944503617487,0.39833816587016285,0.5965883617910755,0.3427342497624936,0.7839874613108746,0.0,0.16434605613133654,0.37048807568521874,0.0,0.8717328031783214,-4.778219397005159,21.115725206327625,48.298342752386816,-18.793856144649908,36.59442632855644,4.610935352510637,-13.36643896321766,3.9653491637436673,17.323586546001025,8.148324195062742,-18.746667437022552,15.24542021707748,38.15465686307289,19.656785280792974,11.46979391865898,27.744181789050344,16.376289378269576,-11.813084041292313,13.13068172778003,3.708159616566263,20.51671579538379,21.78738258033991,-13.617386992482352,-78.72594637919974,-7.872584139986429,18.283636185296928,1.542945324734319,33.35235779674258,19.58503261138685,42.67565319634741,-73.87339489150327,7.119015243253671,-36.29569535236806,1.907228741558356,-3.929435496800579,-6.588338941801339,38.95315561677853,4.586179388745222,-40.65081149315665,61.56440218328498,-21.158800901903305,-46.357799790479476,40.03428722103126,-29.725626287268824,-7.529369788360782,7.066174089472042,20.311851406288042,26.241315526072867,1.7978150339331478,13.490412661689334,-17.356658697040984,29.68958719462171,10.450980668887496,-17.716102939739358,3.017131798202172,-0.9617691459134221,2.8832421811530367,-45.486691697267815,25.988324061967432,-24.859350887680193,31.6661337154801,-9.985281623577066,-38.14318379769975,19.91672765009571,21.868540993425995,34.57775248150574,25.707985890156124,33.47193675336894,-10.533640254114289,-20.181291602522833,46.583442179864505,-10.238425646282849,-8.19624209034373,22.440690210278262,-0.05003524964558892,-18.161400007433258,-11.488314612099202,24.80904302824638,18.990283398656175,-45.08560236811172,36.77250696830015,22.665431918750983,-2.613047410151921,21.743801506656382,-0.1293272066868667,-62.91746224905364,10.93313807202503,-38.424477504508104,-13.399135692357959,14.205486193182878,-4.10739486089733,31.746974634821527,-0.8335743395437021,47.44912364790798,32.05007610814937,20.95173174960655,22.991091594696627,44.997614579915535,12.515725120716525,-28.597751730296295,-48.14556112373248,20.796472258341964,-59.16836229566252,52.853541545860935,9.569851135187491,-25.367064300953643,46.59044358320534,-25.477224027970806,-39.37027729427791,-20.837495120998938,15.88682508416241,40.43680130993016,-8.425343991460977,54.308909611660056,15.285332401006599,-0.12041454401332885,23.677387584582902,-31.927266772196162,0.1442176009877585,-68.78074900107458,64.2346703389776,32.91385540110787,-28.65767916169716,-34.44934487599312,7.563651441974798,7.493997423123801,-9.96886177995475,20.256641423213296
